<?xml version="1.0" encoding="UTF-8"?>
<configuration>
	<!-- 控制台 appender -->
	<appender name="STDOUT" class="ch.qos.logback.core.ConsoleAppender">
		<encoder>
			<pattern>%d{HH:mm:ss.SSS} [%thread] %-5level %logger - %msg%n</pattern>
		</encoder>
	</appender>
	<!-- 出错日志 appender -->
	<appender name="ERROR"
		class="ch.qos.logback.core.rolling.RollingFileAppender">
		<rollingPolicy class="ch.qos.logback.core.rolling.TimeBasedRollingPolicy">
			<!-- 按天回滚 daily -->
			<!-- log.dir 在maven profile里配置 -->
			<fileNamePattern>D:/home/logs/system-error-%d{yyyy-MM-dd}.log</fileNamePattern>
			<!-- 日志最大的历史 60天 -->
			<maxHistory>10</maxHistory>
		</rollingPolicy>
		<encoder>
			<pattern>%d{HH:mm:ss} [%thread] %-5level %logger - %msg%n
			</pattern>
		</encoder>
		<filter class="ch.qos.logback.classic.filter.LevelFilter"><!-- 只打印错误日志 -->
			<level>ERROR</level>
			<onMatch>ACCEPT</onMatch>
			<onMismatch>DENY</onMismatch>
		</filter>
	</appender>
	<!-- info日志 appender -->
	<appender name="ACCESS"
		class="ch.qos.logback.core.rolling.RollingFileAppender">
		<rollingPolicy class="ch.qos.logback.core.rolling.TimeBasedRollingPolicy">
			<!-- 按天回滚 daily -->
			<fileNamePattern>D:/home/logs/system-info-%d{yyyy-MM-dd}.log</fileNamePattern>
			<!-- 日志最大的历史 60天 -->
			<maxHistory>10</maxHistory>
		</rollingPolicy>
		<encoder>
			<pattern>%d{HH:mm:ss} [%thread] %-5level %logger - %msg%n</pattern>
		</encoder>
	</appender>
 
	<!--日志打印的包的范围，及分类日志文件存储 -->
	<logger name="org.misalen" level="DEBUG" additivity="false">
		<level value="DEBUG" />
		<appender-ref ref="STDOUT" />
		<appender-ref ref="ERROR" />
		<appender-ref ref="ACCESS" />
	</logger>

	<!--控制台打印资源加载信息 -->
	<root level="info">
		<appender-ref ref="STDOUT" />
	</root>
</configuration>  