<?xml version="1.0" encoding="UTF-8" standalone="no"?>
<!DOCTYPE html PUBLIC "-//W3C//DTD XHTML 1.0 Strict//EN" "http://www.w3.org/2002/xmlspec/dtd/2.10/xmlspec.dtd">
<!-- Specify the refresh internal in seconds. -->
<Configuration monitorInterval="5" packages="org.apereo.cas.logging">
    <Properties>
        <Property name="baseDir">logs</Property>
    </Properties>
    <Appenders>
        <Console name="console" target="SYSTEM_OUT">
            <PatternLayout pattern="%d %p [%c] - &lt;%m&gt;%n"/>
        </Console>

        <RollingFile name="file" fileName="${baseDir}/cas.log" append="true"
                     filePattern="${baseDir}/cas-%d{yyyy-MM-dd-HH}-%i.log">
            <PatternLayout pattern="%highlight{%d %p [%c] - &lt;%m&gt;}%n"/>
            <Policies>
                <OnStartupTriggeringPolicy />
                <SizeBasedTriggeringPolicy size="10 MB"/>
                <TimeBasedTriggeringPolicy />
            </Policies>
            <DefaultRolloverStrategy max="5" compressionLevel="9">
                <Delete basePath="${baseDir}" maxDepth="2">
                    <IfFileName glob="*/*.log.gz" />
                    <IfLastModified age="7d" />
                </Delete>
            </DefaultRolloverStrategy>
        </RollingFile>
        <RollingFile name="auditlogfile" fileName="${baseDir}/cas_audit.log" append="true"
                     filePattern="${baseDir}/cas_audit-%d{yyyy-MM-dd-HH}-%i.log">
            <PatternLayout pattern="%d %p [%c] - %m%n"/>
            <Policies>
                <OnStartupTriggeringPolicy />
                <SizeBasedTriggeringPolicy size="10 MB"/>
                <TimeBasedTriggeringPolicy />
            </Policies>
            <DefaultRolloverStrategy max="5" compressionLevel="9">
                <Delete basePath="${baseDir}" maxDepth="2">
                    <IfFileName glob="*/*.log.gz" />
                    <IfLastModified age="7d" />
                </Delete>
            </DefaultRolloverStrategy>
        </RollingFile>

        <RollingFile name="perfFileAppender" fileName="${baseDir}/perfStats.log" append="true"
                     filePattern="${baseDir}/perfStats-%d{yyyy-MM-dd-HH}-%i.log">
            <PatternLayout pattern="%m%n"/>
            <Policies>
                <OnStartupTriggeringPolicy />
                <SizeBasedTriggeringPolicy size="10 MB"/>
                <TimeBasedTriggeringPolicy />
            </Policies>
            <DefaultRolloverStrategy max="5" compressionLevel="9">
                <Delete basePath="${baseDir}" maxDepth="2">
                    <IfFileName glob="*/*.log.gz" />
                    <IfLastModified age="7d" />
                </Delete>
            </DefaultRolloverStrategy>
        </RollingFile>

        <CasAppender name="casAudit">
            <AppenderRef ref="auditlogfile" />
        </CasAppender>
        <CasAppender name="casFile">
            <AppenderRef ref="file" />
        </CasAppender>
        <CasAppender name="casConsole">
            <AppenderRef ref="console" />
        </CasAppender>
        <CasAppender name="casPerf">
            <AppenderRef ref="perfFileAppender" />
        </CasAppender>
    </Appenders>
    <Loggers>
        <AsyncLogger name="com.couchbase" level="warn" additivity="false" includeLocation="true">
            <AppenderRef ref="casConsole"/>
            <AppenderRef ref="casFile"/>
        </AsyncLogger>
        <AsyncLogger name="org.apereo.cas.web.CasWebApplication" level="info" additivity="false" includeLocation="true">
            <AppenderRef ref="casConsole"/>
            <AppenderRef ref="casFile"/>
        </AsyncLogger>
        <AsyncLogger name="org.springframework.security" level="warn" additivity="false">
            <AppenderRef ref="casConsole"/>
            <AppenderRef ref="casFile"/>
        </AsyncLogger>
        <AsyncLogger name="org.springframework.jdbc" level="debug" additivity="false">
            <AppenderRef ref="casConsole"/>
        </AsyncLogger>
        <AsyncLogger name="org.springframework.boot.autoconfigure.security" level="info" additivity="false">
            <AppenderRef ref="casConsole"/>
            <AppenderRef ref="casFile"/>
        </AsyncLogger>
        <AsyncLogger name="org.jasig.cas.client" level="info" additivity="false" includeLocation="true">
            <AppenderRef ref="casConsole"/>
            <AppenderRef ref="casFile"/>
        </AsyncLogger>
        <AsyncLogger name="org.apereo" level="info" additivity="false" includeLocation="true">
            <AppenderRef ref="casConsole"/>
            <AppenderRef ref="casFile"/>
        </AsyncLogger>
        <AsyncLogger name="org.apereo.services.persondir" level="warn" additivity="false" includeLocation="true">
            <AppenderRef ref="casConsole"/>
            <AppenderRef ref="casFile"/>
        </AsyncLogger>
        <AsyncLogger name="org.apache" level="error" additivity="false">
            <AppenderRef ref="casConsole"/>
            <AppenderRef ref="casFile"/>
        </AsyncLogger>
        <AsyncLogger name="org.springframework.cloud" level="info" additivity="false">
            <AppenderRef ref="casConsole"/>
            <AppenderRef ref="casFile"/>
        </AsyncLogger>
        <!--配置信息debug模式输出控制台-->
        <AsyncLogger name="org.apereo.cas.config" level="debug" additivity="false">
            <AppenderRef ref="casConsole"/>
        </AsyncLogger>
        <!--多属性debug模式输出控制台-->
        <AsyncLogger name="org.apereo.services.persondir" level="debug" additivity="false">
            <AppenderRef ref="casConsole"/>
        </AsyncLogger>
        <AsyncLogger name="org.springframework.cloud.context" level="warn" additivity="false">
            <AppenderRef ref="casConsole"/>
            <AppenderRef ref="casFile"/>
        </AsyncLogger>
        <AsyncLogger name="org.springframework.boot" level="warn" additivity="false">
            <AppenderRef ref="casConsole"/>
            <AppenderRef ref="casFile"/>
        </AsyncLogger>
        <AsyncLogger name="org.springframework" level="warn" additivity="false">
            <AppenderRef ref="casConsole"/>
            <AppenderRef ref="casFile"/>
        </AsyncLogger>
        <AsyncLogger name="org.springframework.aop" level="warn" additivity="false">
            <AppenderRef ref="casConsole"/>
            <AppenderRef ref="casFile"/>
        </AsyncLogger>
        <AsyncLogger name="org.springframework.boot.actuate.autoconfigure" level="warn" additivity="false">
            <AppenderRef ref="casConsole"/>
        </AsyncLogger>
        <AsyncLogger name="org.springframework.webflow" level="warn" additivity="false">
            <AppenderRef ref="casConsole"/>
            <AppenderRef ref="casFile"/>
        </AsyncLogger>
        <AsyncLogger name="org.springframework.session" level="warn" additivity="false">
            <AppenderRef ref="casConsole"/>
            <AppenderRef ref="casFile"/>
        </AsyncLogger>
        <AsyncLogger name="org.springframework.amqp" level="off" additivity="false">
            <AppenderRef ref="casConsole"/>
            <AppenderRef ref="casFile"/>
        </AsyncLogger>
        <AsyncLogger name="org.springframework.integration" level="warn" additivity="false">
            <AppenderRef ref="casConsole"/>
            <AppenderRef ref="casFile"/>
        </AsyncLogger>
        <AsyncLogger name="org.springframework.messaging" level="warn" additivity="false">
            <AppenderRef ref="casConsole"/>
            <AppenderRef ref="casFile"/>
        </AsyncLogger>
        <AsyncLogger name="org.springframework.web" level="warn" additivity="false">
            <AppenderRef ref="casConsole"/>
            <AppenderRef ref="casFile"/>
        </AsyncLogger>
        <AsyncLogger name="org.springframework.orm.jpa" level="warn" additivity="false">
            <AppenderRef ref="casConsole"/>
            <AppenderRef ref="casFile"/>
        </AsyncLogger>
        <AsyncLogger name="org.springframework.scheduling" level="warn" additivity="false">
            <AppenderRef ref="casConsole"/>
            <AppenderRef ref="casFile"/>
        </AsyncLogger>
        <AsyncLogger name="org.thymeleaf" level="warn" additivity="false">
            <AppenderRef ref="casConsole"/>
            <AppenderRef ref="casFile"/>
        </AsyncLogger>
        <AsyncLogger name="org.pac4j" level="warn" additivity="false">
            <AppenderRef ref="casConsole"/>
            <AppenderRef ref="casFile"/>
        </AsyncLogger>
        <AsyncLogger name="org.opensaml" level="warn" additivity="false">
            <AppenderRef ref="casConsole"/>
            <AppenderRef ref="casFile"/>
        </AsyncLogger>
        <AsyncLogger name="net.sf.ehcache" level="warn" additivity="false">
            <AppenderRef ref="casConsole"/>
            <AppenderRef ref="casFile"/>
        </AsyncLogger>
        <AsyncLogger name="com.ryantenney.metrics" level="warn" additivity="false">
            <AppenderRef ref="console"/>
            <AppenderRef ref="file"/>
        </AsyncLogger>
        <AsyncLogger name="net.jradius" level="warn" additivity="false">
            <AppenderRef ref="casConsole"/>
            <AppenderRef ref="casFile"/>
        </AsyncLogger>
        <AsyncLogger name="org.openid4java" level="warn" additivity="false">
            <AppenderRef ref="casConsole"/>
            <AppenderRef ref="casFile"/>
        </AsyncLogger>
        <AsyncLogger name="org.ldaptive" level="warn" additivity="false">
            <AppenderRef ref="casConsole"/>
            <AppenderRef ref="casFile"/>
        </AsyncLogger>
        <AsyncLogger name="com.hazelcast" level="warn" additivity="false">
            <AppenderRef ref="casConsole"/>
            <AppenderRef ref="casFile"/>
        </AsyncLogger>
        <AsyncLogger name="org.springframework.context.annotation" level="off" additivity="false" />
        <AsyncLogger name="org.springframework.boot.devtools" level="off" additivity="false" />
        <AsyncLogger name="org.jasig.spring" level="warn" additivity="false">
            <AppenderRef ref="casConsole"/>
            <AppenderRef ref="casFile"/>
        </AsyncLogger>
        <AsyncLogger name="org.springframework.web.socket" level="warn" additivity="false">
            <AppenderRef ref="casConsole"/>
            <AppenderRef ref="casFile"/>
        </AsyncLogger>
        <AsyncLogger name="org.apache.cxf" level="warn" additivity="false">
            <AppenderRef ref="casConsole"/>
            <AppenderRef ref="casFile"/>
        </AsyncLogger>
        <AsyncLogger name="org.apache.http" level="warn" additivity="false">
            <AppenderRef ref="casConsole"/>
            <AppenderRef ref="casFile"/>
        </AsyncLogger>
        <AsyncLogger name="perfStatsLogger" level="info" additivity="false" includeLocation="true">
            <AppenderRef ref="casPerf"/>
        </AsyncLogger>
        <AsyncLogger name="org.apereo.cas.web.flow" level="info" additivity="true" includeLocation="true">
            <AppenderRef ref="casFile"/>
        </AsyncLogger>
        <AsyncLogger name="org.apereo.inspektr.audit.support" level="info" includeLocation="true">
            <AppenderRef ref="casAudit"/>
            <AppenderRef ref="casFile"/>
        </AsyncLogger>
        <AsyncRoot level="error">
            <AppenderRef ref="casConsole"/>
        </AsyncRoot>
    </Loggers>
</Configuration>
